{
  "Jean": 0.015,
  "Pierre": 0.0089,
  "Sophie": 0.000059,
  "Jeanne": 0.010045,
  "Philibert": 0.0149,
  "JeanLuc": 0.0198,
  "AnneSophie": 0.01024,
  "Elizabeth": 1.010085,
  "Maurice": 0.018901,
  "Morticia": 0.0200401
}